{"mean_reward": 329.0, "std_reward": 157.96835126062436, "is_deterministic": false, "n_eval_episodes": 10, "eval_datetime": "2024-03-24T15:55:40.662839"}