{"mean_reward": 743.5, "std_reward": 220.46598377073957, "is_deterministic": false, "n_eval_episodes": 10, "eval_datetime": "2024-03-25T02:28:29.138341"}